说说你们在京藏高速怀安段，堵车现场看到的情况。|prompt-wavs/10002287-00000094.wav|在此奉劝大家别乱打美白针。
共同建设面向未来的交通，和出行服务新生态。|prompt-wavs/10002290-00000094.wav|对此，乔宝云认为有夸大的成分。
目前中国互联网国际化还在开拓阶段。|prompt-wavs/10002298-00000001.wav|顺风时提高警惕，逆风时笃定前行。
经济发展是城市高效宜居发展的基石。|prompt-wavs/10002309-00000029.wav|前方有左急转弯，请减速慢行。
只有当科技为本地社群创造价值的时候，才真正有意义。|prompt-wavs/10002352-00000030.wav|不断提升安全业务能力。
媒体迅速把丰田的颓势，与日本衰落挂钩。|prompt-wavs/10002394-00000014.wav|营造宁静和平的网络安全空间。
北京在出行规模，城市影响力方面表现优异。|prompt-wavs/10002430-00000103.wav|请听那些贵族们所讲的话吧。
互联网已经成为一种解决方案的应用层。|prompt-wavs/10002481-00000010.wav|真正落地成为产品服务进入每个人的生活。
北京在出行规模，城市影响力方面表现优异。|prompt-wavs/10002508-00000076.wav|不时有好奇的路人过来对车指指点点。
自动驾驶将大幅提升出行安全，效率。|prompt-wavs/10002526-00000036.wav|体验确实是主观的，无法被量化。
打造更贴心，更细致的个性化服务。|prompt-wavs/10002536-00000092.wav|他曾经多次打退外国人的侵略。
真正落地成为产品服务进入每个人的生活。|prompt-wavs/10002539-00000064.wav|努力工作，争取升职加薪。
通过调查，将筛选出一批口味令消费者满意的产品。|prompt-wavs/10002570-00000091.wav|所以我没有觉得羞涩和羞耻感。
这些医疗队的医生们克服高寒缺氧，交通不便等困难。|prompt-wavs/10002698-00000002.wav|乘车系好安全带，将你安全带向爱。
经济发展的不平衡不充分问题日益突出。|prompt-wavs/10002702-00000094.wav|把烟雾让烟雾把你隐藏起来吧。
导航开始，全程二十五公里，预计需要十二分钟。|prompt-wavs/10002730-00000015.wav|目前共享出行市场处于高速增长阶段。
自动驾驶将大幅提升出行安全，效率。|prompt-wavs/10002733-00000034.wav|当我们做体验时，我们到底在做什么。
共同建设面向未来的交通，和出行服务新生态。|prompt-wavs/10002739-00000104.wav|我挣扎了好久，把闹钟定在了八点。
近三周来，他凭着一股倔脾气，对这个动作练得特别狠。|prompt-wavs/10002740-00000071.wav|是逛庙会赏民俗，还是采摘草莓感受春天。
通过创新技术让未来出行更加安全，高效。|prompt-wavs/10002743-00000110.wav|但在当时，他脑子一片空白，傻坐在座位上。
认为它可能是唯一能打破，微软垄断地位的操作系统。|prompt-wavs/10002745-00000020.wav|一点五公里后，右转驶入京藏高速辅路。
我开始跟随周老，从事了长达数十年的喘流研究工作。|prompt-wavs/10002750-00000065.wav|追到附近北一路一网吧时，该男子跑进网吧躲藏。
目前中国互联网国际化还在开拓阶段。|prompt-wavs/10002751-00000038.wav|拼车将会是解决交通拥堵非常有效的方式。
只有当科技为本地社群创造价值的时候，才真正有意义。|prompt-wavs/10002752-00000057.wav|我们似乎没有理由对此指指点点。
只有当科技为本地社群创造价值的时候，才真正有意义。|prompt-wavs/10002753-00000016.wav|共同建设面向未来的交通，和出行服务新生态。
导航开始，全程二十五公里，预计需要十二分钟。|prompt-wavs/10002754-00000057.wav|那山林里值得大惊小怪的事情就太多了。
产业互联网时代，面临很多安全挑战。|prompt-wavs/10002756-00000011.wav|自动驾驶将大幅提升出行安全，效率。
共同建设面向未来的交通，和出行服务新生态。|prompt-wavs/10002823-00000029.wav|前方有左急转弯，请减速慢行。
他拿起柴刀胡乱挥舞，凶猛的藏獒躲到了一边。|prompt-wavs/10002829-00000095.wav|别看藏獒凶猛，但做警犬智商不够。
烟雨弥漫下，山环绕着水耸立着，水环绕着山流淌着。|prompt-wavs/10002830-00000009.wav|通过创新技术让未来出行更加安全，高效。
